Player;Nation;Pos;Squad;Comp;Age;Born;Playing Time_MP;Playing Time_Starts;Playing Time_Min;Playing Time_90s;Performance_Gls;Performance_Ast;Performance_G+A;Performance_G-PK;Performance_PK;Performance_PKatt;Performance_CrdY;Performance_CrdR;Expected_xG;Expected_npxG;Expected_xAG;Expected_npxG+xAG;Progression_PrgC;Progression_PrgP;Progression_PrgR;Per 90 Minutes_Gls;Per 90 Minutes_Ast;Per 90 Minutes_G+A;Per 90 Minutes_G-PK;Per 90 Minutes_G+A-PK;Per 90 Minutes_xG;Per 90 Minutes_xAG;Per 90 Minutes_xG+xAG;Per 90 Minutes_npxG;Per 90 Minutes_npxG+xAG;cluster;distance_to_pedri;distance_norm;minutes_penalty;minutes_penalty_norm;replacement_score
Maxime Lopez;fr FRA;MF;Paris FC;fr Ligue 1;28-046;1997.0;16;16;1440;16.0;0;3;3;0;0;0;7;0;0.3;0.3;4.0;4.3;49.0;139.0;49.0;0.0;0.19;0.19;0.0;0.19;0.02;0.27;0.29;0.02;0.29;2;1.5206121195955187;0.008276821700653858;7.273092595999522;0.7807299470633522;0.3172580718457332
Declan Rice;eng ENG;MF;Arsenal;eng Premier League;27-005;1999.0;21;20;1786;19.8;4;3;7;4;0;0;1;0;2.5;2.5;3.5;6.0;54.0;134.0;50.0;0.2;0.15;0.35;0.2;0.35;0.13;0.18;0.32;0.13;0.32;2;1.4752736752534534;0.0;7.488293515159428;0.9289938101261823;0.37159752405047297
Martin Ødegaard;no NOR;MF;Arsenal;eng Premier League;27-033;1998.0;16;12;930;10.3;1;3;4;1;0;0;0;0;0.9;0.9;2.4;3.3;27.0;102.0;27.0;0.1;0.29;0.39;0.1;0.39;0.09;0.25;0.33;0.09;0.33;2;3.2293583860141695;0.3202193328309528;6.836259277277067;0.4797712169557782;0.38404008648088295
Azzedine Ounahi;ma MAR;MF,FW;Girona;es La Liga;25-275;2000.0;10;9;780;8.7;3;1;4;3;0;0;5;0;0.9;0.9;1.4;2.3;31.0;66.0;50.0;0.35;0.12;0.46;0.35;0.46;0.11;0.16;0.27;0.11;0.27;2;3.7398883027172958;0.41341981985077175;6.660575149839686;0.3587326660314947;0.3915449583230609
Lazar Samardzic;rs SRB;MF;Atalanta;it Serie A;23-329;2002.0;16;5;581;6.5;1;1;2;1;0;0;1;0;1.4;1.4;1.3;2.7;23.0;55.0;56.0;0.15;0.15;0.31;0.15;0.31;0.21;0.2;0.41;0.21;0.41;2;4.516960516900346;0.5552793004452139;6.366470447731438;0.15610760546141922;0.39561062245169604
Bilal El Khannouss;ma MAR;MF,FW;Stuttgart;de Bundesliga;21-254;2004.0;12;11;948;10.5;3;3;6;3;0;0;2;0;1.3;1.3;2.4;3.7;30.0;69.0;69.0;0.28;0.28;0.57;0.28;0.57;0.12;0.23;0.35;0.12;0.35;2;3.3375115646036972;0.339963384232248;6.855408798609928;0.49296438555235067;0.4011637847602891
Edu Expósito;es ESP;MF;Espanyol;es La Liga;29-171;1996.0;19;17;1327;14.7;0;5;5;0;0;0;3;0;1.4;1.4;4.0;5.4;31.0;103.0;49.0;0.0;0.34;0.34;0.0;0.34;0.1;0.29;0.38;0.1;0.38;2;2.6093968709341477;0.20704141073750104;7.191429330036379;0.7244675884763687;0.41401188183304816
Osame Sahraoui;ma MAR;FW,MF;Lille;fr Ligue 1;24-222;2001.0;16;4;463;5.1;1;2;3;1;0;0;0;0;0.8;0.8;0.5;1.3;22.0;40.0;69.0;0.19;0.39;0.58;0.19;0.58;0.16;0.11;0.27;0.16;0.27;2;5.256320869727298;0.6902542406242587;6.139884552226255;0.0;0.4141525443745552
Chris Führich;de GER;FW,MF;Stuttgart;de Bundesliga;28-010;1998.0;17;7;654;7.3;3;3;6;3;0;0;0;0;0.6;0.6;1.4;2.0;26.0;31.0;51.0;0.41;0.41;0.83;0.41;0.83;0.11;0.24;0.35;0.11;0.35;2;4.390907778007581;0.5322675703376927;6.484635235635252;0.23751788939985108;0.41436769796255607
Noa Lang;nl NED;FW,MF;Napoli;it Serie A;26-216;1999.0;18;7;666;7.4;1;2;3;1;0;0;2;0;0.8;0.8;1.1;1.9;25.0;32.0;49.0;0.14;0.27;0.41;0.14;0.41;0.12;0.18;0.3;0.12;0.3;2;4.654599800287315;0.5804062280258047;6.502790045915623;0.25002574631723107;0.4482540353423752
Kamaldeen Sulemana;gh GHA;MF;Atalanta;it Serie A;23-338;2002.0;15;6;572;6.4;2;1;3;2;0;0;3;0;0.9;0.9;0.9;1.8;23.0;27.0;57.0;0.31;0.16;0.47;0.31;0.47;0.14;0.15;0.28;0.14;0.28;2;5.08795049788649;0.6595171571706431;6.35088571671474;0.14537041886225843;0.45385846184728923
Valentín Barco;ar ARG;MF,DF;Strasbourg;fr Ligue 1;21-180;2004.0;16;15;1332;14.8;1;4;5;1;0;0;3;1;1.4;1.4;3.5;4.9;25.0;109.0;49.0;0.07;0.27;0.34;0.07;0.34;0.1;0.25;0.36;0.1;0.36;2;3.005654837000136;0.2793808255583345;7.195187320178709;0.7270566765621869;0.45845116595987545
Yaser Asprilla;co COL;FW,MF;Girona;es La Liga;22-061;2003.0;15;6;611;6.8;0;0;0;0;0;0;0;0;0.6;0.6;1.7;2.2;20.0;22.0;51.0;0.0;0.0;0.0;0.0;0.0;0.09;0.25;0.34;0.09;0.34;2;4.972917350160044;0.6385171235961917;6.416732282512326;0.1907357744224587;0.45940458392669853
Frenkie de Jong;nl NED;MF;Barcelona;es La Liga;28-252;1997.0;15;12;1135;12.6;0;3;3;0;0;0;3;1;0.5;0.5;2.0;2.6;35.0;115.0;21.0;0.0;0.24;0.24;0.0;0.24;0.05;0.17;0.22;0.05;0.22;2;3.4407723258078926;0.3588142936880881;7.035268599281097;0.6168797896376068;0.4620404920678956
Pascal Groß;de GER;MF;Dortmund;de Bundesliga;34-218;1991.0;11;7;613;6.8;0;1;1;0;0;0;0;0;0.6;0.6;1.1;1.7;13.0;68.0;51.0;0.0;0.15;0.15;0.0;0.15;0.09;0.16;0.25;0.09;0.25;2;4.9978827670770976;0.6430747194180939;6.419994928147142;0.1929835921711529;0.4630382685193175
Abde Rebbach;dz ALG;MF;Alavés;es La Liga;27-161;1998.0;17;8;786;8.7;0;0;0;0;0;0;4;0;1.2;1.2;1.3;2.6;35.0;29.0;66.0;0.0;0.0;0.0;0.0;0.0;0.14;0.16;0.3;0.14;0.3;2;4.377600588344944;0.5298382581331658;6.668228248417403;0.364005310609234;0.46350507912359307
Xavi Simons;nl NED;MF,FW;Tottenham Hotspur;eng Premier League;22-273;2003.0;16;11;1014;11.3;1;3;4;1;0;0;2;1;0.9;0.9;1.6;2.5;34.0;66.0;47.0;0.09;0.27;0.36;0.09;0.36;0.09;0.15;0.24;0.09;0.24;2;3.761704822429745;0.41740256443782436;6.922643891475888;0.5392863745132255;0.4661560884679848
Miro Muheim;ch SUI;MF,DF;Hamburger SV;de Bundesliga;27-301;1998.0;17;16;1463;16.3;0;4;4;0;0;0;2;0;0.7;0.6;3.1;3.7;40.0;89.0;35.0;0.0;0.25;0.25;0.0;0.25;0.04;0.2;0.25;0.04;0.24;2;2.9186428939555884;0.2634962413195458;7.288927694521257;0.7916396257393448;0.4747535950874654
Johan Manzambi;ch SUI;MF,FW;Freiburg;de Bundesliga;20-097;2005.0;16;15;1255;13.9;3;2;5;3;0;0;4;1;1.8;1.8;2.2;3.9;41.0;56.0;55.0;0.22;0.14;0.36;0.22;0.36;0.15;0.18;0.32;0.15;0.32;2;3.3116925917504942;0.3352499663393073;7.135687347028144;0.6860638410953337;0.4755755162417179
Warren Zaïre-Emery;fr FRA;DF,MF;Paris Saint-Germain;fr Ligue 1;19-317;2006.0;18;16;1427;15.9;1;2;3;1;0;0;1;0;0.4;0.4;2.3;2.8;50.0;108.0;74.0;0.06;0.13;0.19;0.06;0.19;0.03;0.16;0.19;0.03;0.19;2;2.9906164608855814;0.27663547424393004;7.2640301428995295;0.7744863198954208;0.4757758125045264
Lee Kang-in;kr KOR;MF,FW;Paris Saint-Germain;fr Ligue 1;24-334;2001.0;14;11;863;9.6;1;2;3;1;0;0;2;0;1.6;1.6;2.0;3.6;19.0;73.0;74.0;0.1;0.21;0.31;0.1;0.31;0.17;0.21;0.38;0.17;0.38;2;4.321990401176249;0.5196862643756688;6.761572768804055;0.4283155340148719;0.48313797223135
Riccardo Sottil;it ITA;FW,MF;Lecce;it Serie A;26-230;1999.0;15;9;731;8.1;1;1;2;1;0;0;1;0;0.2;0.2;1.6;1.8;30.0;16.0;52.0;0.12;0.12;0.25;0.12;0.25;0.03;0.24;0.27;0.03;0.27;2;4.758227094343485;0.5993240503876178;6.595780513961311;0.31409204340506935;0.48523124759459846
Wilson Odobert;fr FRA;FW,MF;Tottenham Hotspur;eng Premier League;21-052;2004.0;20;7;807;9.0;0;1;1;0;0;0;0;0;1.0;1.0;1.3;2.3;31.0;29.0;56.0;0.0;0.11;0.11;0.0;0.11;0.13;0.16;0.29;0.13;0.29;2;4.525332350328181;0.5568076319439081;6.694562058521095;0.3821481346751261;0.4869438330363953
Martim Neto;pt POR;MF;Elche;es La Liga;23-005;2003.0;15;9;849;9.4;2;3;5;2;0;0;1;0;0.9;0.9;1.7;2.6;26.0;51.0;28.0;0.21;0.32;0.53;0.21;0.53;0.09;0.18;0.27;0.09;0.27;2;4.430744564259075;0.5395400293228976;6.745236349484363;0.4170604676034122;0.4905482046351034
Alex Iwobi;ng NGA;MF,FW;Fulham;eng Premier League;29-261;1996.0;16;16;1328;14.8;2;2;4;2;0;0;2;0;0.8;0.8;2.1;2.8;51.0;86.0;69.0;0.14;0.14;0.27;0.14;0.27;0.05;0.14;0.19;0.05;0.19;2;3.316645107136179;0.336154079557392;7.192182058713246;0.7249861850599988;0.49168692175843476
Anton Stach;de GER;MF;Leeds United;eng Premier League;27-065;1998.0;19;18;1530;17.0;3;2;5;3;0;0;2;0;2.1;2.1;3.8;5.9;31.0;84.0;49.0;0.18;0.12;0.29;0.18;0.29;0.13;0.22;0.35;0.13;0.35;2;2.972567963752075;0.27334060617100425;7.333676395657684;0.822469490794898;0.4929921600205618
Petar Sucic;hr CRO;MF;Inter;it Serie A;22-086;2003.0;19;10;855;9.5;1;2;3;1;0;0;3;0;0.9;0.9;1.1;2.0;26.0;73.0;66.0;0.11;0.21;0.32;0.11;0.32;0.1;0.12;0.21;0.1;0.21;2;4.44730157689538;0.5425626174040468;6.752270376141742;0.4219065991588966;0.4943002101059867
Vitinha;pt POR;MF;Paris Saint-Germain;fr Ligue 1;25-340;2000.0;17;15;1287;14.3;1;7;8;1;0;0;1;0;0.8;0.8;1.8;2.6;48.0;159.0;18.0;0.07;0.49;0.56;0.07;0.56;0.06;0.13;0.2;0.06;0.2;2;3.4509826397839314;0.3606782515171166;7.160845906664299;0.7033969698538654;0.4977657388518161
Domingos André Ribeiro Almeida;pt POR;MF,FW;Valencia;es La Liga;25-234;2000.0;13;9;794;8.8;0;1;1;0;0;0;0;0;0.6;0.6;1.1;1.7;24.0;73.0;37.0;0.0;0.11;0.11;0.0;0.11;0.06;0.13;0.19;0.06;0.19;2;4.677896998440342;0.5846592798901911;6.678342114654332;0.370973314670934;0.4991848938024882
Tom Bischof;de GER;DF,MF;Bayern Munich;de Bundesliga;20-205;2005.0;15;9;778;8.6;0;3;3;0;0;0;2;0;0.9;0.9;1.4;2.2;17.0;56.0;46.0;0.0;0.35;0.35;0.0;0.35;0.12;0.18;0.29;0.12;0.29;2;4.729356269537948;0.594053497488551;6.658011045870748;0.3569661124256207;0.49921854346337885
Dermane Karim;tg TOG;MF,FW;Lorient;fr Ligue 1;22-043;2003.0;16;9;802;8.9;1;2;3;1;0;0;3;0;0.7;0.7;1.4;2.1;29.0;33.0;47.0;0.11;0.22;0.34;0.11;0.34;0.08;0.16;0.24;0.08;0.24;2;4.653216418875226;0.5801536829405458;6.688354713946762;0.377871550311335;0.4992408298888615
Sergi Darder;es ESP;MF,FW;Mallorca;es La Liga;32-028;1993.0;20;16;1396;15.5;0;2;2;0;0;0;3;0;1.3;1.3;2.5;3.7;35.0;75.0;48.0;0.0;0.13;0.13;0.0;0.13;0.09;0.17;0.26;0.09;0.26;2;3.306590369216807;0.3343185231281161;7.242082359256962;0.7593652730094806;0.504337223080662
Lamine Camara;sn SEN;MF;Monaco;fr Ligue 1;22-018;2004.0;9;7;604;6.7;0;3;3;0;0;0;2;0;0.4;0.4;1.7;2.1;14.0;42.0;13.0;0.0;0.45;0.45;0.0;0.45;0.06;0.26;0.32;0.06;0.32;2;5.430902889192767;0.722125299903527;6.405228458030842;0.1828101509433404;0.5063992403194524
Carlos Álvarez;es ESP;MF;Levante;es La Liga;22-166;2003.0;19;16;1370;15.2;3;1;4;3;0;0;2;0;1.6;1.6;2.8;4.4;30.0;77.0;35.0;0.2;0.07;0.26;0.2;0.26;0.11;0.2;0.31;0.11;0.31;2;3.405946845280757;0.35245668047163153;7.223295679562314;0.7464220861656417;0.5100428427492356
Leonardo Spinazzola;it ITA;DF,MF;Napoli;it Serie A;32-300;1993.0;17;11;1009;11.2;2;2;4;2;0;0;1;0;0.7;0.7;1.4;2.0;44.0;38.0;43.0;0.18;0.18;0.36;0.18;0.36;0.07;0.14;0.21;0.07;0.21;2;4.256574899853962;0.5077442480855088;6.917705609835305;0.5358841180740654;0.5190001960809314
Aimar Oroz;es ESP;MF,FW;Osasuna;es La Liga;24-053;2001.0;14;12;1036;11.5;0;2;2;0;0;0;4;0;0.8;0.8;1.7;2.5;33.0;45.0;46.0;0.0;0.17;0.17;0.0;0.17;0.08;0.16;0.24;0.08;0.24;2;4.192521403281871;0.496050874434866;6.9440872082295275;0.5540598661469307;0.5192544711196919
Ruben Vargas;ch SUI;FW,MF;Sevilla;es La Liga;27-167;1998.0;13;11;871;9.7;3;4;7;2;1;1;1;0;2.0;1.2;1.4;2.7;33.0;33.0;53.0;0.31;0.41;0.72;0.21;0.62;0.21;0.15;0.36;0.13;0.28;2;4.642334748616772;0.5781671647473983;6.77078942390898;0.43466539950665695;0.5207664586511017
Jonathan Clauss;fr FRA;DF,MF;Nice;fr Ligue 1;33-116;1992.0;15;14;1246;13.8;1;2;3;1;0;0;0;0;0.7;0.7;2.5;3.2;33.0;71.0;85.0;0.07;0.14;0.22;0.07;0.22;0.05;0.19;0.25;0.05;0.25;2;3.7441899153782257;0.41420510663192317;7.1284959456800365;0.6811092853765759;0.5209667781297842
Gianluca Gaetano;it ITA;MF,FW;Cagliari;it Serie A;25-259;2000.0;20;8;823;9.1;2;3;5;2;0;0;3;0;1.4;1.4;1.4;2.7;20.0;48.0;41.0;0.22;0.33;0.55;0.22;0.55;0.17;0.17;0.33;0.17;0.33;2;4.812292396529752;0.6091940155547402;6.714170529909472;0.39565749944990003;0.5237794091128041
Dominik Szoboszlai;hu HUN;MF,DF;Liverpool;eng Premier League;25-086;2000.0;21;21;1882;20.9;2;1;3;2;0;1;5;0;2.4;2.4;2.6;5.1;48.0;143.0;79.0;0.1;0.05;0.14;0.1;0.14;0.12;0.13;0.25;0.12;0.25;2;2.744336907996197;0.23167557371441555;7.5406215286571525;0.9650454843377219;0.5250235379637381
Joshua Kimmich;de GER;MF;Bayern Munich;de Bundesliga;30-345;1995.0;14;11;1094;12.2;1;4;5;1;0;0;3;0;1.0;1.0;2.5;3.5;16.0;126.0;26.0;0.08;0.33;0.41;0.08;0.41;0.09;0.21;0.3;0.09;0.3;2;4.12236285466937;0.48324298466120735;6.9985096422506015;0.5915545029577096;0.5265675919798083
Kiernan Dewsbury-Hall;eng ENG;MF;Everton;eng Premier League;27-135;1998.0;15;15;1257;14.0;4;2;6;4;0;0;5;0;1.6;1.6;2.9;4.5;23.0;73.0;58.0;0.29;0.14;0.43;0.29;0.43;0.11;0.21;0.32;0.11;0.32;2;3.7817455854422195;0.4210611333324216;7.1372784372603855;0.6871600315076911;0.5275006926025294
João Neves;pt POR;MF;Paris Saint-Germain;fr Ligue 1;21-114;2004.0;10;8;724;8.0;5;1;6;5;0;0;0;0;1.5;1.5;1.5;3.0;16.0;48.0;31.0;0.62;0.12;0.75;0.62;0.75;0.19;0.19;0.38;0.19;0.38;2;5.174833277133768;0.6753781617358086;6.586171654854675;0.3074719667978787;0.5282156837606367
Pablo Fornals;es ESP;MF;Real Betis;es La Liga;29-331;1996.0;20;20;1659;18.4;5;4;9;5;0;0;1;0;2.5;2.5;3.3;5.9;30.0;135.0;86.0;0.27;0.22;0.49;0.27;0.49;0.15;0.19;0.34;0.15;0.34;2;3.0907737364403496;0.29491982263346966;7.414572881350589;0.8782035718753081;0.528233322330205
Adrian Bernabe;es ESP;MF;Parma;it Serie A;24-238;2001.0;21;20;1624;18.0;2;1;3;2;0;0;0;0;1.7;1.7;2.3;4.0;36.0;104.0;45.0;0.11;0.06;0.17;0.11;0.17;0.1;0.14;0.24;0.1;0.24;2;3.1647678098068868;0.3084279118731286;7.393263094763838;0.8635220765883451;0.5304655777592152
Mikkel Damsgaard;dk DEN;MF;Brentford;eng Premier League;25-200;2000.0;19;14;1242;13.8;1;3;4;1;0;0;0;0;1.1;1.1;3.6;4.7;23.0;65.0;58.0;0.07;0.22;0.29;0.07;0.29;0.09;0.28;0.36;0.09;0.36;2;3.8408745159243187;0.4318554960868715;7.1252830915107115;0.6788957717333197;0.5306716063454509
Curtis Jones;eng ENG;MF;Liverpool;eng Premier League;24-354;2001.0;19;10;1058;11.8;0;1;1;0;0;0;1;0;0.8;0.8;1.0;1.8;33.0;105.0;37.0;0.0;0.09;0.09;0.0;0.09;0.08;0.09;0.17;0.08;0.17;2;4.260516744957317;0.5084638570082569;6.9650803456014065;0.5685232042066106;0.5324875958875984
Medon Berisha;al ALB;MF;Lecce;it Serie A;22-090;2003.0;13;12;871;9.7;2;3;5;2;0;0;0;0;1.2;1.2;2.6;3.8;19.0;46.0;21.0;0.21;0.31;0.52;0.21;0.52;0.13;0.27;0.39;0.13;0.39;2;4.862559524788455;0.6183705998870608;6.77078942390898;0.43466539950665695;0.5448885197348993
Cheikh Tidiane Sabaly;sn SEN;FW,MF;Metz;fr Ligue 1;26-321;1999.0;14;12;967;10.7;0;2;2;0;0;0;2;0;1.6;1.6;1.8;3.5;29.0;28.0;46.0;0.0;0.19;0.19;0.0;0.19;0.15;0.17;0.32;0.15;0.32;2;4.6227010767862176;0.5745829129401547;6.875232087276577;0.5066217498786765;0.5473984477155635
Fares Chaïbi;dz ALG;MF;Eintracht Frankfurt;de Bundesliga;23-052;2002.0;14;13;1037;11.5;1;7;8;1;0;0;1;0;1.2;1.2;2.1;3.3;21.0;48.0;59.0;0.09;0.61;0.69;0.09;0.69;0.11;0.2;0.31;0.11;0.31;2;4.451722399158709;0.5433696666571661;6.945051063725834;0.5547239197200966;0.5479113678823383
Ruben Loftus-Cheek;eng ENG;MF,FW;Milan;it Serie A;29-361;1996.0;19;8;868;9.6;1;1;2;1;0;0;1;0;2.0;2.0;1.0;2.9;34.0;38.0;64.0;0.1;0.1;0.21;0.1;0.21;0.21;0.1;0.32;0.21;0.32;2;4.901558012854703;0.6254900222008064;6.767343125265392;0.43229105300218507;0.5482104345213579
Georginio Rutter;fr FRA;MF,FW;Brighton;eng Premier League;23-274;2002.0;19;16;1337;14.9;2;2;4;2;0;0;2;0;1.9;1.9;2.7;4.6;26.0;67.0;68.0;0.13;0.13;0.27;0.13;0.27;0.13;0.18;0.31;0.13;0.31;2;3.889313347089739;0.4406983131433951;7.198931240688173;0.7296360712966523;0.556273416404698
Arthur Atta;fr FRA;MF;Udinese;it Serie A;23-005;2003.0;16;14;1243;13.8;1;2;3;1;0;0;2;0;1.8;1.8;1.5;3.3;43.0;55.0;73.0;0.07;0.14;0.22;0.07;0.22;0.14;0.11;0.25;0.14;0.25;2;4.080658145261484;0.4756295244100715;7.126087273299125;0.6794498172226255;0.5571576415350932
Jari Vandeputte;be BEL;MF;Cremonese;it Serie A;29-339;1996.0;19;14;1168;13.0;0;4;4;0;0;0;1;0;1.1;1.1;3.2;4.3;18.0;65.0;46.0;0.0;0.31;0.31;0.0;0.31;0.09;0.25;0.33;0.09;0.33;2;4.254288345148712;0.5073268229647578;7.063903961472068;0.6366082807389013;0.5590394060744153
Fabián Ruiz Peña;es ESP;MF;Paris Saint-Germain;fr Ligue 1;29-291;1996.0;13;9;796;8.8;1;2;3;1;0;0;1;0;1.0;1.0;1.2;2.2;12.0;73.0;27.0;0.11;0.23;0.34;0.11;0.34;0.12;0.15;0.27;0.12;0.27;2;5.219744232234288;0.6835769425534421;6.680854678790215;0.3727043596238717;0.5592279093816139
Kévin Danois;fr FRA;MF;Auxerre;fr Ligue 1;21-205;2004.0;17;16;1401;15.6;1;1;2;1;0;0;3;0;1.3;1.3;2.5;3.8;27.0;83.0;32.0;0.06;0.06;0.13;0.06;0.13;0.09;0.17;0.26;0.09;0.26;2;3.831567674329114;0.43015647289369446;7.2456550675945355;0.7618267101715208;0.562824567804825
Danel Sinani;lu LUX;MF,FW;St Pauli;de Bundesliga;28-289;1997.0;14;9;875;9.7;2;2;4;1;1;1;2;0;1.7;1.0;1.7;2.6;13.0;58.0;58.0;0.21;0.21;0.41;0.1;0.31;0.17;0.17;0.34;0.1;0.27;2;5.081765882029602;0.6583881161663183;6.775366090936392;0.43781851955877116;0.5701602775232995
Ibrahim Maza;dz ALG;MF;Leverkusen;de Bundesliga;20-056;2005.0;13;7;729;8.1;2;1;3;2;0;0;1;0;1.6;1.6;0.6;2.1;20.0;49.0;47.0;0.25;0.12;0.37;0.25;0.37;0.21;0.08;0.28;0.21;0.28;2;5.607166889766029;0.7543034155437951;6.593044534142437;0.3122070749821093;0.5774648793191208
Aleksandar Pavlovic;de GER;MF;Bayern Munich;de Bundesliga;21-261;2004.0;15;8;841;9.3;2;1;3;2;0;0;2;0;0.3;0.3;0.9;1.2;20.0;69.0;25.0;0.21;0.11;0.32;0.21;0.32;0.04;0.13;0.17;0.04;0.17;2;5.2529247649522395;0.689634260073364;6.7357800142423265;0.41054547315601564;0.5779987453064247
Henrikh Mkhitaryan;am ARM;MF;Inter;it Serie A;36-363;1989.0;15;9;824;9.2;0;0;0;0;0;0;2;0;1.4;1.4;0.6;1.9;24.0;54.0;47.0;0.0;0.0;0.0;0.0;0.0;0.18;0.07;0.26;0.18;0.26;2;5.313013088574139;0.7006037661542821;6.715383386334681;0.396493103589715;0.5789595011284553
Javier Guerra;es ESP;MF;Valencia;es La Liga;23-018;2003.0;20;13;1029;11.4;0;2;2;0;0;0;2;0;1.1;1.1;1.6;2.7;23.0;62.0;26.0;0.0;0.17;0.17;0.0;0.17;0.1;0.14;0.23;0.1;0.23;2;4.785667269957975;0.6043334291674063;6.937314081223682;0.5493934828488385;0.5823574506399791
Maxence Caqueret;fr FRA;MF,FW;Como;it Serie A;25-338;2000.0;16;9;756;8.4;0;2;2;0;0;0;1;0;0.8;0.8;1.1;1.9;12.0;58.0;32.0;0.0;0.24;0.24;0.0;0.24;0.1;0.13;0.23;0.1;0.23;2;5.567603844821677;0.747080929777217;6.6293632534374485;0.3372290574401484;0.5831401808423895
Nicolò Fagioli;it ITA;MF;Fiorentina;it Serie A;24-341;2001.0;18;15;1274;14.2;0;3;3;0;0;0;4;0;0.5;0.5;3.7;4.3;21.0;80.0;19.0;0.0;0.21;0.21;0.0;0.21;0.04;0.28;0.32;0.04;0.32;2;4.263594575643474;0.5090257345976581;7.150701457592526;0.6964078955790125;0.5839785989901998
Angelo Stiller;de GER;MF;Stuttgart;de Bundesliga;24-290;2001.0;18;15;1439;16.0;1;3;4;1;0;1;1;0;1.7;0.9;2.3;3.2;22.0;107.0;28.0;0.06;0.19;0.25;0.06;0.25;0.12;0.16;0.29;0.07;0.23;2;3.983636078184283;0.45791752829109983;7.272398392570047;0.7802516717724872;0.5868511856836548
Giovani Lo Celso;ar ARG;MF;Real Betis;es La Liga;29-285;1996.0;17;11;1094;12.2;2;2;4;2;0;0;3;0;2.4;2.4;1.8;4.2;17.0;88.0;38.0;0.16;0.16;0.33;0.16;0.33;0.21;0.16;0.37;0.21;0.37;2;4.682201159092572;0.5854450318233784;6.9985096422506015;0.5915545029577096;0.5878888202771109
Youri Tielemans;be BEL;MF;Aston Villa;eng Premier League;28-257;1997.0;16;14;1224;13.6;0;4;4;0;0;0;0;0;0.9;0.9;2.8;3.8;17.0;81.0;26.0;0.0;0.29;0.29;0.0;0.29;0.07;0.22;0.3;0.07;0.3;2;4.411612097787418;0.5360472757452739;7.110696122978827;0.6688459991145228;0.5891667650929735
Nadiem Amiri;de GER;MF;Mainz 05;de Bundesliga;29-084;1996.0;15;15;1289;14.3;5;1;6;2;3;3;5;0;3.4;1.0;2.1;3.1;25.0;104.0;37.0;0.35;0.07;0.42;0.14;0.21;0.25;0.16;0.41;0.08;0.23;2;4.296217799682354;0.5149813118696327;7.162397497355718;0.7044659468391874;0.5907751658574546
Mason Mount;eng ENG;MF;Manchester Utd;eng Premier League;27-009;1999.0;17;10;816;9.1;3;0;3;3;0;0;0;0;1.5;1.5;1.1;2.6;14.0;51.0;48.0;0.33;0.0;0.33;0.33;0.33;0.16;0.12;0.28;0.16;0.28;2;5.457950959133702;0.7270630972959315;6.705639094860003;0.3897797201037809;0.5921497464190713
Leon Goretzka;de GER;MF;Bayern Munich;de Bundesliga;30-347;1995.0;17;14;1029;11.4;1;0;1;1;0;0;4;0;0.8;0.8;1.2;2.0;21.0;82.0;21.0;0.09;0.0;0.09;0.09;0.09;0.08;0.13;0.2;0.08;0.2;2;4.897566501500887;0.6247613463877941;6.937314081223682;0.5493934828488385;0.5946142009722118
Bernardo Silva;pt POR;MF;Manchester City;eng Premier League;31-162;1994.0;22;18;1575;17.5;0;2;2;0;0;0;5;0;0.6;0.6;2.3;2.9;43.0;77.0;75.0;0.0;0.11;0.11;0.0;0.11;0.04;0.14;0.17;0.04;0.17;2;3.8275732364026465;0.42942726281620996;7.362645270417825;0.8424277572246535;0.5946274605795874
Lovro Majer;hr CRO;MF;Wolfsburg;de Bundesliga;28-002;1998.0;16;12;953;10.6;2;3;5;2;0;0;3;0;1.9;1.9;1.6;3.5;20.0;44.0;32.0;0.19;0.28;0.47;0.19;0.47;0.2;0.17;0.37;0.2;0.37;2;5.0923189875624235;0.6603146527767132;6.860663671448287;0.4965847592475958;0.5948226953650662
Sebastiano Esposito;it ITA;FW,MF;Cagliari;it Serie A;23-201;2002.0;20;18;1394;15.5;3;2;5;3;0;0;4;0;2.0;2.0;3.2;5.1;18.0;75.0;65.0;0.19;0.13;0.32;0.19;0.32;0.13;0.21;0.35;0.13;0.35;2;4.178716943543722;0.49353078241175913;7.240649694255466;0.75837823053575;0.5994697616613555
Eberechi Eze;eng ENG;MF,FW;Arsenal;eng Premier League;27-204;1998.0;16;11;935;10.4;4;2;6;4;0;0;0;0;2.3;2.3;1.2;3.5;24.0;42.0;44.0;0.39;0.19;0.58;0.39;0.58;0.22;0.12;0.34;0.22;0.34;2;5.191903711278792;0.6784944781825117;6.841615476477592;0.4834614000084523;0.600481246912888
Federico Valverde;uy URU;MF,DF;Real Madrid;es La Liga;27-181;1998.0;19;17;1562;17.4;0;6;6;0;0;0;2;0;1.4;1.4;2.3;3.7;25.0;99.0;58.0;0.0;0.35;0.35;0.0;0.35;0.09;0.14;0.23;0.09;0.23;2;3.910672307571713;0.44459752737948194;7.354362330421477;0.8367211799192678;0.6014469883953963
Mahdi Camara;fr FRA;MF;Rennes;fr Ligue 1;27-203;1998.0;16;15;1250;13.9;1;1;2;1;0;0;3;1;0.9;0.9;1.7;2.6;34.0;47.0;67.0;0.07;0.07;0.14;0.07;0.14;0.07;0.13;0.2;0.07;0.2;2;4.487560850787053;0.5499122041980957;7.1316985104669115;0.6833157100929048;0.6032736065560194
Joel Roca;es ESP;FW,MF;Girona;es La Liga;20-226;2005.0;17;9;788;8.8;1;0;1;1;0;0;2;0;1.2;1.2;0.5;1.7;36.0;19.0;73.0;0.11;0.0;0.11;0.11;0.11;0.14;0.06;0.2;0.14;0.2;2;5.669883459962409;0.7657527247718658;6.670766320845874;0.36575392964138054;0.6057532067196717
Himad Abdelli;dz ALG;MF;Angers;fr Ligue 1;26-063;1999.0;13;11;943;10.5;2;0;2;0;2;2;1;0;2.0;0.4;0.4;0.9;39.0;79.0;12.0;0.19;0.0;0.19;0.0;0.0;0.19;0.04;0.23;0.04;0.08;2;5.2187272841405;0.6833912922036507;6.8501261661455;0.4893248867092481;0.6057647300058897
Arthur Avom;cm CMR;MF;Lorient;fr Ligue 1;21-035;2004.0;16;14;1268;14.1;0;1;1;0;0;0;3;0;0.7;0.7;1.7;2.4;30.0;80.0;32.0;0.0;0.07;0.07;0.0;0.07;0.05;0.12;0.17;0.05;0.17;2;4.500084540287527;0.5521984834591951;7.1459844677143876;0.6931580993230702;0.608582329804745
Brais Méndez;es ESP;MF,FW;Real Sociedad;es La Liga;29-012;1997.0;19;15;1203;13.4;4;2;6;4;0;0;3;0;2.3;2.3;1.4;3.7;23.0;80.0;75.0;0.3;0.15;0.45;0.3;0.45;0.18;0.11;0.29;0.18;0.29;2;4.637292499789315;0.5772466701181533;7.093404625868766;0.6569329265789339;0.6091211727024656
Fabio Vieira;pt POR;MF,FW;Hamburger SV;de Bundesliga;25-234;2000.0;12;9;807;9.0;1;3;4;1;0;0;3;2;1.1;1.1;1.6;2.7;7.0;49.0;25.0;0.11;0.33;0.45;0.11;0.45;0.14;0.2;0.34;0.14;0.34;2;5.71526673793252;0.7740377311367912;6.694562058521095;0.3821481346751261;0.6172818925521251
Pape Gueye;sn SEN;MF;Villarreal;es La Liga;26-360;1999.0;13;9;776;8.6;2;1;3;2;0;0;5;0;1.0;1.0;1.0;1.9;12.0;65.0;18.0;0.23;0.12;0.35;0.23;0.35;0.11;0.11;0.22;0.11;0.22;2;5.819270043680435;0.7930241968271325;6.655440350367647;0.3551950175458405;0.6178925251146157
Aleix García;es ESP;MF;Leverkusen;de Bundesliga;28-205;1997.0;17;16;1411;15.7;0;4;4;0;0;0;3;0;0.9;0.9;2.2;3.1;20.0;117.0;33.0;0.0;0.26;0.26;0.0;0.26;0.06;0.15;0.21;0.06;0.21;2;4.331861083929073;0.5214882203623468;7.252762418053187;0.7667233585652857;0.6195822756435223
Dimitris Giannoulis;gr GRE;DF,MF;Augsburg;de Bundesliga;30-094;1995.0;15;14;1032;11.5;2;2;4;2;0;0;5;0;0.9;0.9;1.5;2.4;22.0;31.0;51.0;0.17;0.17;0.35;0.17;0.35;0.09;0.15;0.24;0.09;0.24;2;5.118970339833334;0.6651800268324124;6.940222469119639;0.5513972327697179;0.6196669092073346
Mehdi Léris;dz ALG;DF,MF;Pisa;it Serie A;27-241;1998.0;19;10;951;10.6;1;3;4;1;0;0;1;0;1.1;1.1;1.2;2.3;24.0;27.0;63.0;0.09;0.28;0.38;0.09;0.38;0.11;0.12;0.22;0.11;0.22;2;5.346981863745629;0.7068049823531177;6.858565034791365;0.4951388919198205;0.6221385461797988
Khéphren Thuram;fr FRA;MF;Juventus;it Serie A;24-299;2001.0;20;17;1432;15.9;1;2;3;1;0;0;0;0;1.7;1.7;1.1;2.8;48.0;81.0;29.0;0.06;0.13;0.19;0.06;0.19;0.11;0.07;0.18;0.11;0.18;2;4.34668821400995;0.5241950073682244;7.267525427828172;0.7768944157718174;0.6252747707296616
Reece James;eng ENG;DF,MF;Chelsea;eng Premier League;26-042;1999.0;21;15;1449;16.1;2;4;6;2;0;0;4;0;0.9;0.9;3.2;4.0;18.0;84.0;31.0;0.12;0.25;0.37;0.12;0.37;0.06;0.21;0.27;0.06;0.27;2;4.319289866737766;0.5191932646186599;7.27931883541462;0.7850195491321541;0.6255237784240576
Alexis Claude-Maurice;fr FRA;MF,FW;Augsburg;de Bundesliga;27-227;1998.0;15;12;985;10.9;2;0;2;2;0;0;2;0;1.5;1.5;0.9;2.4;26.0;30.0;57.0;0.18;0.0;0.18;0.18;0.18;0.17;0.1;0.27;0.17;0.27;2;5.307415384522883;0.6995818696371514;6.893656354602635;0.5193152507174617;0.6274752220692755
Adam Wharton;eng ENG;MF;Crystal Palace;eng Premier League;21-347;2004.0;20;20;1652;18.4;0;2;2;0;0;0;3;0;1.0;1.0;3.9;4.9;22.0;103.0;16.0;0.0;0.11;0.11;0.0;0.11;0.06;0.23;0.28;0.06;0.28;2;4.011427949958517;0.46299111144422417;7.410347097821024;0.8752921949490089;0.6279115448461381
Nicolás González;ar ARG;MF,DF;Atlético Madrid;es La Liga;27-288;1998.0;15;13;931;10.3;1;0;1;1;0;0;2;0;2.1;2.1;1.3;3.4;22.0;27.0;72.0;0.1;0.0;0.1;0.1;0.1;0.2;0.13;0.33;0.2;0.33;2;5.458479580656568;0.727159600520852;6.837332814685591;0.48051083648877757;0.6285000949080223
Ruslan Malinovskyi;ua UKR;MF;Genoa;it Serie A;32-260;1993.0;19;18;1363;15.1;2;3;5;1;1;1;6;0;1.6;0.8;2.2;3.0;21.0;75.0;28.0;0.13;0.2;0.33;0.07;0.26;0.11;0.15;0.26;0.06;0.21;2;4.54125346237238;0.5597141323229629;7.218176838403408;0.7428954322480505;0.6329866522929979
Abdoul Ouattara;fr FRA;DF,MF;Strasbourg;fr Ligue 1;20-089;2005.0;15;11;959;10.7;2;0;2;2;0;0;1;0;1.5;1.5;1.4;2.8;17.0;35.0;62.0;0.19;0.0;0.19;0.19;0.19;0.14;0.13;0.27;0.14;0.27;2;5.4394491309196225;0.7236854707477269;6.866933284461882;0.5009042437968869;0.6345729799673909
Mario Pašalić;hr CRO;MF;Atalanta;it Serie A;30-344;1995.0;18;14;1131;12.6;2;2;4;2;0;0;2;0;1.5;1.5;2.1;3.6;11.0;82.0;27.0;0.16;0.16;0.32;0.16;0.32;0.12;0.17;0.3;0.12;0.3;2;5.037414514031809;0.6502914915373776;7.0317412587631285;0.6144496088857139;0.6359547384767121
Bruno Guimarães;br BRA;MF;Newcastle United;eng Premier League;28-064;1997.0;21;20;1838;20.4;8;3;11;7;1;1;4;0;3.9;3.1;2.3;5.4;28.0;162.0;56.0;0.39;0.15;0.54;0.34;0.49;0.2;0.12;0.32;0.16;0.28;2;3.820282705965302;0.428096330063471;7.516977224604321;0.94875561033537;0.6363600421722306
Pablo Barrios;es ESP;MF;Atlético Madrid;es La Liga;22-218;2003.0;19;17;1437;16.0;1;1;2;1;0;0;0;0;1.5;1.5;0.7;2.3;42.0;100.0;49.0;0.06;0.06;0.13;0.06;0.13;0.1;0.05;0.15;0.1;0.15;2;4.4640662026236955;0.5456231065770889;7.271008538280992;0.7792941239757862;0.6390915135365678
Óscar Mingueza;es ESP;MF,DF;Celta Vigo;es La Liga;26-251;1999.0;17;13;1104;12.3;1;2;3;1;0;0;3;0;0.5;0.5;2.1;2.7;13.0;52.0;51.0;0.08;0.16;0.24;0.08;0.24;0.05;0.19;0.23;0.05;0.23;2;5.216947110604301;0.6830663101896193;7.007600613951853;0.5978177781736527;0.6489668973832325
Tajon Buchanan;ca CAN;MF,DF;Villarreal;es La Liga;26-345;1999.0;18;12;1127;12.5;5;0;5;5;0;0;5;0;1.2;1.2;1.3;2.5;34.0;26.0;82.0;0.4;0.0;0.4;0.4;0.4;0.1;0.11;0.21;0.1;0.21;2;5.168208915919491;0.6741688424164771;7.028201432058005;0.6120108257061458;0.6493056357323446
Hakan Çalhanoğlu;tr TUR;MF;Inter;it Serie A;31-345;1994.0;16;16;1262;14.0;7;2;9;4;3;4;4;0;4.5;1.4;2.7;4.1;29.0;113.0;33.0;0.5;0.14;0.64;0.29;0.43;0.32;0.19;0.52;0.1;0.29;2;4.900964835942716;0.6253817339785546;7.141245122350491;0.6898929011316159;0.6511862008397791
Adrien Rabiot;fr FRA;MF;Milan;it Serie A;30-291;1995.0;14;13;1201;13.3;3;3;6;3;0;0;2;0;1.2;1.2;0.7;1.9;31.0;65.0;48.0;0.22;0.22;0.45;0.22;0.45;0.11;0.06;0.17;0.11;0.17;2;5.0529813588248755;0.6531333181739924;7.091742115095153;0.6557875305897269;0.6541950031402862
Pierre Højbjerg;dk DEN;MF;Marseille;fr Ligue 1;30-167;1995.0;16;14;1302;14.5;2;2;4;2;0;0;2;0;1.8;1.8;1.0;2.8;24.0;109.0;22.0;0.14;0.14;0.28;0.14;0.28;0.13;0.08;0.21;0.13;0.21;2;4.861083898048407;0.6181012148298244;7.172424577124845;0.7113741588840687;0.6554103924515221
Lucien Agoume;fr FRA;MF;Sevilla;es La Liga;23-344;2002.0;16;14;1225;13.6;1;2;3;1;0;0;8;0;0.5;0.5;1.8;2.3;19.0;83.0;28.0;0.07;0.15;0.22;0.07;0.22;0.04;0.14;0.17;0.04;0.17;2;5.037305980831938;0.6502716781106717;7.111512116496157;0.6694081823597706;0.6579262798103113
Weston McKennie;us USA;DF,MF;Juventus;it Serie A;27-144;1998.0;20;16;1424;15.8;2;2;4;2;0;0;3;0;3.9;3.9;2.2;6.1;26.0;83.0;81.0;0.13;0.13;0.25;0.13;0.25;0.26;0.15;0.41;0.26;0.41;2;4.6658217105243684;0.5824548591934748;7.261927092702751;0.7730374118349594;0.6586878802500686
Alexis Mac Allister;ar ARG;MF;Liverpool;eng Premier League;27-026;1998.0;21;17;1402;15.6;0;2;2;0;0;0;3;0;1.7;1.7;1.5;3.3;26.0;68.0;43.0;0.0;0.13;0.13;0.0;0.13;0.11;0.1;0.21;0.11;0.21;2;4.71999685023212;0.5923448758995189;7.246368080102461;0.7623179440809755;0.6603341031721015
Rocco Reitz;de GER;MF;Gladbach;de Bundesliga;23-235;2002.0;18;18;1542;17.1;0;2;2;0;0;0;3;0;1.4;1.3;1.6;2.8;30.0;71.0;59.0;0.0;0.12;0.12;0.0;0.12;0.09;0.1;0.19;0.08;0.19;2;4.500329365023505;0.5522431777736341;7.341483852363161;0.8278484812581759;0.6624852991674508
Daniel Muñoz;co COL;DF,MF;Crystal Palace;eng Premier League;29-238;1996.0;14;14;1259;14.0;3;2;5;3;0;0;4;0;1.8;1.8;2.5;4.3;21.0;29.0;75.0;0.21;0.14;0.36;0.21;0.36;0.13;0.18;0.31;0.13;0.31;2;5.040857561517353;0.6509200417789724;7.138866999945524;0.6882544805524979;0.6658538172883827
Emile Smith Rowe;eng ENG;MF;Fulham;eng Premier League;25-175;2000.0;22;10;990;11.0;3;0;3;3;0;0;1;0;2.9;2.9;0.5;3.4;28.0;68.0;61.0;0.27;0.0;0.27;0.27;0.27;0.29;0.05;0.34;0.29;0.34;2;5.646501737441773;0.7614842424459756;6.898714534329988;0.522800111606398;0.6660105901101445
Sandro Tonali;it ITA;MF;Newcastle United;eng Premier League;25-256;2000.0;22;19;1494;16.6;0;1;1;0;0;0;3;0;0.7;0.7;1.9;2.5;25.0;106.0;29.0;0.0;0.06;0.06;0.0;0.06;0.04;0.12;0.16;0.04;0.16;2;4.628716860110203;0.5756811324905817;7.3098814858247865;0.8060758561076975;0.667839021937428
Isaac Palazón Camacho;es ESP;MF,FW;Rayo Vallecano;es La Liga;31-023;1994.0;19;17;1425;15.8;2;2;4;0;2;3;6;0;3.9;1.5;2.5;4.0;22.0;79.0;69.0;0.13;0.13;0.25;0.0;0.13;0.26;0.17;0.43;0.1;0.27;2;4.759836092236391;0.59961778319803;7.262628600974241;0.7735207198371175;0.669178957853665
Kristian Thorstvedt;no NOR;MF;Sassuolo;it Serie A;26-312;1999.0;16;12;1078;12.0;2;1;3;2;0;0;5;0;2.6;2.6;0.9;3.5;25.0;49.0;47.0;0.17;0.08;0.25;0.17;0.25;0.22;0.07;0.29;0.22;0.29;2;5.463203627371472;0.7280220053283444;6.983789965258135;0.5814133001112731;0.6693785232415159
Youssouf Fofana;fr FRA;MF;Milan;it Serie A;27-009;1999.0;18;16;1273;14.1;1;2;3;1;0;0;4;0;2.1;2.1;1.7;3.8;23.0;41.0;49.0;0.07;0.14;0.21;0.07;0.21;0.16;0.12;0.28;0.16;0.28;2;5.057494422496616;0.6539572066835513;7.149916836132109;0.6958673262858248;0.6707212545244607
Joel Fujita;jp JPN;MF;St Pauli;de Bundesliga;23-337;2002.0;17;17;1510;16.8;0;3;3;0;0;0;3;0;0.5;0.5;2.2;2.7;22.0;83.0;40.0;0.0;0.18;0.18;0.0;0.18;0.03;0.15;0.18;0.03;0.18;2;4.631403121707069;0.5761715266494731;7.32052696227274;0.8134101159634612;0.6710669623750685
John McGinn;sct SCO;FW,MF;Aston Villa;eng Premier League;31-093;1994.0;22;21;1591;17.7;3;2;5;3;0;0;3;0;2.6;2.6;2.1;4.6;24.0;70.0;67.0;0.17;0.11;0.28;0.17;0.28;0.15;0.12;0.27;0.15;0.27;2;4.503559302299294;0.5528328233894895;7.3727463664043285;0.8493869631517192;0.6714544792943813
Djibril Sidibé;fr FRA;DF,MF;Toulouse;fr Ligue 1;33-174;1992.0;18;14;1183;13.1;2;3;5;1;1;2;1;0;1.9;0.4;1.7;2.1;16.0;45.0;51.0;0.15;0.23;0.38;0.08;0.3;0.16;0.14;0.3;0.03;0.17;2;5.254152549460465;0.6898583999530816;7.076653815443951;0.6453923631245058;0.6720719852216512
Benjamin André;fr FRA;MF;Lille;fr Ligue 1;35-169;1990.0;14;14;1249;13.9;2;1;3;2;0;0;6;0;1.6;1.6;1.2;2.8;16.0;95.0;48.0;0.14;0.07;0.22;0.14;0.22;0.11;0.09;0.2;0.11;0.2;2;5.137075555247026;0.6684852491885316;7.1308988302963465;0.6827647660181047;0.6741970559203607
Saša Lukić;rs SRB;MF;Fulham;eng Premier League;29-159;1996.0;19;15;1210;13.4;1;2;3;1;0;0;6;0;1.8;1.8;1.6;3.4;22.0;35.0;44.0;0.07;0.15;0.22;0.07;0.22;0.14;0.12;0.27;0.14;0.27;2;5.227542528430757;0.6850005711786347;7.099201743553092;0.6609268828587833;0.6753710958506941
Hugo Bueno;es ESP;DF,MF;Wolves;eng Premier League;23-123;2002.0;19;13;1253;13.9;0;1;1;0;0;0;1;0;0.4;0.4;1.3;1.7;46.0;32.0;70.0;0.0;0.07;0.07;0.0;0.07;0.03;0.1;0.13;0.03;0.13;2;5.1571633356380975;0.672152401404968;7.134093721192866;0.6849659037652458;0.6772778023490791
Carlos Soler;es ESP;MF;Real Sociedad;es La Liga;29-017;1997.0;17;11;1028;11.4;2;2;4;2;0;0;2;1;1.6;1.6;0.8;2.5;17.0;66.0;23.0;0.18;0.18;0.35;0.18;0.35;0.16;0.08;0.24;0.16;0.24;2;5.6602147284045605;0.7639876362617259;6.9363427358340495;0.548724269072256;0.677882289385938
Cyril Ngonge;be BEL;FW,MF;Torino;it Serie A;25-238;2000.0;19;10;926;10.3;1;1;2;1;0;0;2;0;1.8;1.8;0.4;2.2;25.0;34.0;75.0;0.1;0.1;0.19;0.1;0.19;0.19;0.05;0.24;0.19;0.24;2;5.931616434977557;0.8135337459078766;6.831953565565855;0.47680477306682434;0.6788421567714557
Suat Serdar;de GER;MF;Hellas Verona;it Serie A;28-283;1997.0;15;11;925;10.3;2;0;2;2;0;0;2;0;2.1;2.1;0.8;2.9;16.0;61.0;18.0;0.19;0.0;0.19;0.19;0.19;0.22;0.08;0.3;0.22;0.3;2;5.973473362729356;0.8211749945869222;6.8308742346461795;0.476061162062285;0.6831294615770673
Ryan Gravenberch;nl NED;MF;Liverpool;eng Premier League;23-248;2002.0;20;20;1758;19.5;4;2;6;4;0;0;3;0;1.0;1.0;1.5;2.5;42.0;101.0;32.0;0.2;0.1;0.31;0.2;0.31;0.05;0.08;0.14;0.05;0.14;2;4.3635156381087565;0.5272669607836593;7.472500744737558;0.9181132936286165;0.6836054939216423
Elliot Anderson;eng ENG;MF;Nottingham Forest;eng Premier League;23-074;2002.0;22;22;1980;22.0;1;2;3;0;1;1;4;0;1.8;1.0;2.2;3.2;29.0;177.0;56.0;0.05;0.09;0.14;0.0;0.09;0.08;0.11;0.19;0.05;0.15;2;4.072342889372851;0.47411152150140806;7.591357046698551;1.0;0.6844669129008448
Lucas Da Cunha;fr FRA;MF;Como;it Serie A;24-224;2001.0;18;15;1323;14.7;1;0;1;0;1;1;3;0;2.0;1.2;1.3;2.6;21.0;66.0;25.0;0.07;0.0;0.07;0.0;0.0;0.14;0.1;0.24;0.09;0.18;2;5.175072005235439;0.6754217430708354;7.188412736496954;0.7223892896791728;0.6942087617141703
Aleix Febas;es ESP;MF;Elche;es La Liga;29-351;1996.0;19;19;1702;18.9;1;1;2;1;0;0;4;0;1.4;1.4;0.8;2.2;62.0;136.0;68.0;0.05;0.05;0.11;0.05;0.11;0.08;0.04;0.12;0.08;0.12;2;4.548764101069766;0.56108524724008;7.440146680662688;0.8958227823043678;0.6949802612657952
Fabian Rieder;ch SUI;MF,FW;Augsburg;de Bundesliga;23-337;2002.0;16;15;1177;13.1;3;2;5;2;1;1;2;0;2.6;1.8;1.8;3.7;16.0;46.0;77.0;0.23;0.15;0.38;0.15;0.31;0.22;0.15;0.37;0.15;0.3;2;5.482018275686144;0.7314567391777493;7.071573364211532;0.6418921581590187;0.6956309067702571
Oihan Sancet;es ESP;MF;Athletic Club;es La Liga;25-269;2000.0;15;13;977;10.9;1;0;1;0;1;1;2;1;3.0;2.2;0.8;3.0;21.0;48.0;71.0;0.09;0.0;0.09;0.0;0.0;0.28;0.08;0.36;0.21;0.29;2;5.954858690280859;0.8177767676052052;6.885509670034818;0.513702547342894;0.6961470795002808
Luka Modrić;hr CRO;MF;Milan;it Serie A;40-132;1985.0;20;19;1661;18.5;1;2;3;1;0;0;2;0;0.5;0.5;2.3;2.9;26.0;166.0;20.0;0.05;0.11;0.16;0.05;0.16;0.03;0.13;0.16;0.03;0.16;2;4.621316983226616;0.5743302378478332;7.415776975415394;0.8790331391384774;0.696211398364091
Daichi Kamada;jp JPN;MF;Crystal Palace;eng Premier League;29-167;1996.0;14;14;1164;12.9;0;0;0;0;0;0;1;0;0.9;0.9;1.2;2.1;20.0;59.0;39.0;0.0;0.0;0.0;0.0;0.0;0.07;0.09;0.16;0.07;0.16;2;5.526706232430983;0.7396148102256435;7.060476365999801;0.6342468198877169;0.6974676140904729
Jon Moncayola;es ESP;MF,DF;Osasuna;es La Liga;27-251;1998.0;19;19;1637;18.2;0;2;2;0;0;0;5;0;1.3;1.3;2.3;3.5;20.0;94.0;46.0;0.0;0.11;0.11;0.0;0.11;0.07;0.12;0.19;0.07;0.19;2;4.679583362591409;0.5849671364036493;7.401231264413015;0.8690117911227393;0.6985849982912853
Rassoul Ndiaye;sn SEN;MF;Le Havre;fr Ligue 1;24-039;2001.0;18;15;1264;14.0;3;3;6;3;0;0;1;0;1.8;1.8;0.9;2.6;25.0;53.0;63.0;0.21;0.21;0.43;0.21;0.43;0.14;0.07;0.2;0.14;0.2;2;5.331412165162894;0.7039626347390278;7.142827401161621;0.6909830208666818;0.6987707891900894
Joelinton;br BRA;MF;Newcastle United;eng Premier League;29-158;1996.0;18;16;1316;14.6;2;0;2;2;0;0;5;0;1.3;1.3;1.4;2.6;19.0;63.0;53.0;0.14;0.0;0.14;0.14;0.14;0.09;0.1;0.19;0.09;0.19;2;5.246175155031167;0.6884020758051037;7.183111701743281;0.7187371124771511;0.7005360904739226
Wouter Burger;nl NED;MF;Hoffenheim;de Bundesliga;24-337;2001.0;16;16;1314;14.6;4;4;8;4;0;0;4;0;1.7;1.7;3.2;4.9;5.0;76.0;39.0;0.27;0.27;0.55;0.27;0.55;0.13;0.25;0.38;0.13;0.38;2;5.264761019089861;0.6917950436318292;7.181591944611865;0.7176900673989959;0.7021530531386959
Malo Gusto;fr FRA;DF,MF;Chelsea;eng Premier League;22-245;2003.0;19;13;1221;13.6;2;2;4;2;0;0;3;1;1.2;1.2;1.2;2.4;17.0;68.0;45.0;0.15;0.15;0.29;0.15;0.29;0.09;0.09;0.18;0.09;0.18;2;5.451451704903098;0.7258766170530702;7.108244139731541;0.6671566916997262;0.7023886469117326
Pablo Ibáñez;es ESP;MF;Alavés;es La Liga;27-121;1998.0;20;15;1158;12.9;1;0;1;1;0;0;4;0;3.1;3.1;0.5;3.5;30.0;56.0;46.0;0.08;0.0;0.08;0.08;0.08;0.25;0.04;0.29;0.25;0.29;2;5.60372698741634;0.7536754394667768;7.055312843339752;0.6306893824028776;0.7044810166412172
Jordan Teze;nl NED;MF,DF;Monaco;fr Ligue 1;26-111;1999.0;17;15;1310;14.6;0;0;0;0;0;0;5;0;0.3;0.3;1.8;2.1;17.0;83.0;32.0;0.0;0.0;0.0;0.0;0.0;0.02;0.13;0.15;0.02;0.15;2;5.337909442760542;0.705148754134957;7.1785454837637;0.7155911913543118;0.709325729022699
James Garner;eng ENG;MF,DF;Everton;eng Premier League;24-312;2001.0;22;22;1973;21.9;2;3;5;2;0;0;5;0;1.5;1.5;2.9;4.4;21.0;111.0;33.0;0.09;0.14;0.23;0.09;0.23;0.07;0.14;0.21;0.07;0.21;2;4.347524557390609;0.5243476871776598;7.587817219993427;0.9975612168204329;0.713633099034769
Diego López;es ESP;FW,MF;Valencia;es La Liga;23-251;2002.0;20;15;1247;13.9;3;0;3;3;0;0;2;0;2.1;2.1;0.9;3.0;29.0;31.0;70.0;0.22;0.0;0.22;0.22;0.22;0.15;0.07;0.22;0.15;0.22;2;5.523264819187347;0.7389865583253148;7.129297548929373;0.6816615543671283;0.7160565567420402
Aurélien Tchouaméni;fr FRA;MF;Real Madrid;es La Liga;25-357;2000.0;18;17;1475;16.4;0;0;0;0;0;0;5;0;1.3;1.3;2.2;3.5;16.0;89.0;16.0;0.0;0.0;0.0;0.0;0.0;0.08;0.14;0.22;0.08;0.22;2;5.11097296417994;0.6637200549847484;7.297091005160418;0.7972637837376881;0.7171375464859243
Lucas Paquetá;br BRA;MF,FW;West Ham United;eng Premier League;28-145;1997.0;18;18;1511;16.8;4;1;5;2;2;2;7;1;2.8;1.3;2.3;3.6;10.0;95.0;59.0;0.24;0.06;0.3;0.12;0.18;0.17;0.14;0.31;0.07;0.21;2;5.050450138931188;0.652671227865222;7.321188556739478;0.8138659251291589;0.7171491067707968
Tyler Morton;eng ENG;MF;Lyon;fr Ligue 1;23-080;2002.0;16;16;1404;15.6;1;1;2;1;0;0;3;1;1.0;1.0;1.4;2.5;28.0;67.0;11.0;0.06;0.06;0.13;0.06;0.13;0.07;0.1;0.17;0.07;0.17;2;5.258682776141874;0.6906854216793381;7.247792581767846;0.7632993623791586;0.7197309979592663
Éderson;br BRA;MF;Atalanta;it Serie A;26-196;1999.0;17;15;1222;13.6;0;0;0;0;0;0;1;0;1.6;1.6;0.7;2.3;19.0;86.0;35.0;0.0;0.0;0.0;0.0;0.0;0.12;0.05;0.17;0.12;0.17;2;5.614352808561856;0.7556152507752756;7.109062135687172;0.6677202545359124;0.7204572522795303
Manu Koné;fr FRA;MF;Roma;it Serie A;24-247;2001.0;21;21;1882;20.9;2;1;3;2;0;0;2;0;1.8;1.8;1.3;3.1;29.0;141.0;39.0;0.1;0.05;0.14;0.1;0.14;0.09;0.07;0.16;0.09;0.16;2;4.565627300695421;0.5641637317057364;7.5406215286571525;0.9650454843377219;0.7245164327585306
Kaishu Sano;jp JPN;MF;Mainz 05;de Bundesliga;25-020;2000.0;18;18;1619;18.0;1;1;2;1;0;0;1;0;0.7;0.7;1.6;2.3;25.0;96.0;31.0;0.06;0.06;0.11;0.06;0.11;0.04;0.1;0.14;0.04;0.14;2;4.955057693881882;0.6352567296238261;7.3901814282264295;0.8613989453894115;0.7257136159300603
Alex Scott;eng ENG;MF;Bournemouth;eng Premier League;22-151;2003.0;21;18;1410;15.7;1;0;1;1;0;0;2;0;1.3;1.3;1.3;2.5;31.0;50.0;28.0;0.06;0.0;0.06;0.06;0.06;0.08;0.08;0.16;0.08;0.16;2;5.308149145077916;0.6997158222985873;7.252053951852814;0.7662352568595558;0.7263235961229748
Moi Gómez;es ESP;MF;Osasuna;es La Liga;31-210;1994.0;16;10;908;10.1;0;0;0;0;0;0;1;0;0.2;0.2;0.7;0.9;12.0;81.0;20.0;0.0;0.0;0.0;0.0;0.0;0.02;0.08;0.1;0.02;0.1;2;6.415526197620126;0.9018745543039466;6.812345094177479;0.4632954082920504;0.7264428958991881
Teun Koopmeiners;nl NED;DF,MF;Juventus;it Serie A;27-325;1998.0;19;13;1245;13.8;0;0;0;0;0;0;5;0;0.9;0.9;0.6;1.5;29.0;76.0;24.0;0.0;0.0;0.0;0.0;0.0;0.07;0.05;0.11;0.07;0.11;2;5.626325707009353;0.7578009796225713;7.1276936993473985;0.6805565733302279;0.726903217105634
Giovanni Di Lorenzo;it ITA;DF,MF;Napoli;it Serie A;32-168;1993.0;21;21;1890;21.0;1;1;2;1;0;0;1;0;1.7;1.7;2.0;3.7;28.0;95.0;91.0;0.05;0.05;0.1;0.05;0.1;0.09;0.1;0.19;0.09;0.19;2;4.630680328527018;0.5760395761521733;7.544861068658458;0.9679663388612836;0.7328102812358174
Nikola Vlašić;hr CRO;MF,FW;Torino;it Serie A;28-107;1997.0;21;20;1619;18.0;5;2;7;2;3;3;4;0;4.1;1.7;1.3;3.0;30.0;74.0;77.0;0.28;0.11;0.39;0.11;0.22;0.24;0.07;0.31;0.1;0.18;2;5.031502670133721;0.6492122467909676;7.3901814282264295;0.8613989453894115;0.7340869262303451
Ismaël Koné;ca CAN;MF;Sassuolo;it Serie A;23-227;2002.0;18;17;1426;15.8;3;0;3;3;0;0;3;1;1.5;1.5;1.0;2.5;32.0;54.0;27.0;0.19;0.0;0.19;0.19;0.19;0.1;0.06;0.16;0.1;0.16;2;5.400298081022737;0.716538197300383;7.2633296174768365;0.7740036890323756;0.7395243939931802
Santi Comesaña;es ESP;MF;Villarreal;es La Liga;29-106;1996.0;18;16;1318;14.6;2;2;4;2;0;0;3;1;2.9;2.9;1.2;4.0;15.0;70.0;44.0;0.14;0.14;0.27;0.14;0.27;0.21;0.08;0.29;0.21;0.29;2;5.6165846674968405;0.756022690834897;7.1846291527173145;0.719782568715428;0.7415266419871094
Eric García;es ESP;DF,MF;Barcelona;es La Liga;25-010;2001.0;20;18;1558;17.3;1;0;1;1;0;0;2;0;2.4;2.4;1.3;3.7;16.0;111.0;30.0;0.06;0.0;0.06;0.06;0.06;0.15;0.08;0.23;0.15;0.23;2;5.216491162824494;0.6829830740192335;7.351799869057777;0.8349557579953526;0.7437721476096811
Cesare Casadei;it ITA;MF;Torino;it Serie A;23-009;2003.0;19;13;1286;14.3;2;0;2;2;0;0;5;0;2.4;2.2;1.1;3.3;16.0;60.0;30.0;0.14;0.0;0.14;0.14;0.14;0.17;0.08;0.25;0.16;0.24;2;5.718328366615701;0.7745966509473852;7.160069207596127;0.7028618587366173;0.745902734063078
Casemiro;br BRA;MF;Manchester Utd;eng Premier League;33-330;1992.0;20;19;1381;15.3;4;1;5;4;0;0;7;1;3.1;3.1;2.0;5.1;10.0;77.0;24.0;0.26;0.07;0.33;0.26;0.33;0.21;0.14;0.35;0.21;0.35;2;5.599134036738194;0.7528369670755299;7.231287004327616;0.7519277535453099;0.752473281663442
Unai López;es ESP;MF;Rayo Vallecano;es La Liga;30-081;1995.0;16;14;1027;11.4;0;3;3;0;0;0;7;1;0.5;0.5;1.0;1.5;10.0;78.0;14.0;0.0;0.26;0.26;0.0;0.26;0.05;0.09;0.13;0.05;0.13;2;6.377982521168741;0.8950207171137976;6.93537044601511;0.54805440462588;0.7562341921186305
Valentin Rongier;fr FRA;MF;Rennes;fr Ligue 1;31-043;1994.0;17;17;1485;16.5;1;2;3;1;0;0;2;0;0.7;0.7;1.9;2.6;14.0;105.0;19.0;0.06;0.12;0.18;0.06;0.18;0.04;0.12;0.17;0.04;0.17;2;5.453588362595571;0.7262666775196911;7.303843225277705;0.8019157631193172;0.7565263117595415
Mateus Fernandes;pt POR;MF,FW;West Ham United;eng Premier League;21-193;2004.0;20;19;1583;17.6;2;2;4;2;0;0;2;0;1.0;1.0;1.3;2.3;25.0;69.0;34.0;0.11;0.11;0.23;0.11;0.23;0.06;0.08;0.14;0.06;0.14;2;5.352197772759097;0.7077571797550752;7.367708572374371;0.8459161471017129;0.7630207666937303
Crysencio Summerville;nl NED;FW,MF;West Ham United;eng Premier League;24-081;2001.0;17;15;1229;13.7;1;1;2;1;0;0;3;0;2.0;2.0;0.5;2.5;26.0;38.0;81.0;0.07;0.07;0.15;0.07;0.15;0.16;0.04;0.2;0.16;0.2;2;5.988922938500287;0.8239954130168528;7.114769448366463;0.6716523391610263;0.7630581834745221
Paul Nebel;de GER;MF;Mainz 05;de Bundesliga;23-101;2002.0;14;12;1028;11.4;1;0;1;1;0;0;2;2;2.3;2.3;0.8;3.2;14.0;29.0;80.0;0.09;0.0;0.09;0.09;0.09;0.23;0.08;0.31;0.23;0.31;2;6.44275754044821;0.906845809328864;6.9363427358340495;0.548724269072256;0.7635971932262208
Adrien Thomasson;fr FRA;MF;Lens;fr Ligue 1;32-040;1993.0;17;17;1488;16.5;2;5;7;2;0;0;6;0;3.5;3.5;3.1;6.5;8.0;67.0;62.0;0.12;0.3;0.42;0.12;0.42;0.22;0.19;0.41;0.22;0.41;2;5.513700063883336;0.7372404513423669;7.305860032684009;0.8033052537324599;0.7636663722984041
Antoine Bernede;fr FRA;MF;Hellas Verona;it Serie A;26-238;1999.0;20;18;1527;17.0;1;2;3;1;0;0;1;0;0.7;0.7;0.9;1.6;32.0;61.0;47.0;0.06;0.12;0.18;0.06;0.18;0.05;0.06;0.1;0.05;0.1;2;5.479191586634893;0.7309407090929083;7.331714969726466;0.8211181555552098;0.767011687677829
Martín Zubimendi;es ESP;MF;Arsenal;eng Premier League;26-351;1999.0;22;21;1847;20.5;3;1;4;3;0;0;4;0;1.9;1.9;1.1;2.9;29.0;118.0;25.0;0.15;0.05;0.19;0.15;0.19;0.1;0.05;0.15;0.1;0.15;2;5.0567035364730835;0.6538128254041027;7.521859252201629;0.9521191102403987;0.7731353393386211
Nikola Moro;hr CRO;MF;Bologna;it Serie A;27-313;1998.0;16;11;971;10.8;1;0;1;1;0;0;1;0;0.3;0.3;0.6;0.8;11.0;86.0;18.0;0.09;0.0;0.09;0.09;0.09;0.03;0.06;0.08;0.03;0.08;2;6.689862055431956;0.9519563119415313;6.879355804460439;0.5094628076317971;0.7749589102176375
Sander Berge;no NOR;MF;Fulham;eng Premier League;27-339;1998.0;22;21;1812;20.1;0;1;1;0;0;0;3;0;0.6;0.6;1.5;2.2;32.0;111.0;16.0;0.0;0.05;0.05;0.0;0.05;0.03;0.08;0.11;0.03;0.11;2;5.12579260182975;0.666425474199628;7.502738210754851;0.9389455630188026;0.7754335097272979
Daniel Svensson;se SWE;DF,MF;Dortmund;de Bundesliga;23-341;2002.0;18;14;1338;14.9;1;1;2;1;0;0;0;0;0.9;0.9;1.3;2.2;25.0;37.0;96.0;0.07;0.07;0.13;0.07;0.13;0.07;0.09;0.16;0.07;0.16;2;5.893158207988302;0.8065129516937706;7.199678345691172;0.730150793419079;0.775968088383894
Luis Milla;es ESP;MF;Getafe;es La Liga;31-104;1994.0;19;19;1664;18.5;0;7;7;0;0;0;3;1;0.4;0.4;2.7;3.1;15.0;79.0;25.0;0.0;0.38;0.38;0.0;0.38;0.02;0.15;0.18;0.02;0.18;2;5.352955520459645;0.7078955114226595;7.417580402414544;0.8802756201403694;0.7768475549097434
Valentino Lazaro;at AUT;DF,MF;Torino;it Serie A;29-301;1996.0;20;17;1501;16.7;0;2;2;0;0;0;2;0;0.1;0.1;1.4;1.5;27.0;56.0;42.0;0.0;0.12;0.12;0.0;0.12;0.01;0.09;0.1;0.01;0.1;2;5.63074298270788;0.7586073814277039;7.31455283232408;0.80929420610543;0.7788821112987944
Mamadou Sangare;ml MLI;MF;Lens;fr Ligue 1;23-207;2002.0;16;14;1261;14.0;1;1;2;1;0;0;2;0;1.6;1.6;0.9;2.5;12.0;71.0;30.0;0.07;0.07;0.14;0.07;0.14;0.12;0.06;0.19;0.12;0.19;2;6.085984239683011;0.841714571571605;7.140453043101158;0.6893471937535232;0.7807676204443723
Mattéo Guendouzi;fr FRA;MF;Lazio;it Serie A;26-280;1999.0;16;16;1428;15.9;2;1;3;2;0;0;5;1;1.4;1.4;0.8;2.2;17.0;81.0;43.0;0.13;0.06;0.19;0.13;0.19;0.09;0.05;0.14;0.09;0.14;2;5.843711798077896;0.7974861947217375;7.264730177929867;0.7749686128999409;0.7884791619930189
Iñigo Ruiz de Galarreta;es ESP;MF;Athletic Club;es La Liga;32-166;1993.0;18;17;1167;13.0;0;0;0;0;0;0;8;0;0.3;0.3;1.0;1.2;10.0;95.0;17.0;0.0;0.0;0.0;0.0;0.0;0.02;0.08;0.1;0.02;0.1;2;6.4723770631256015;0.9122530417916634;7.0630481633881725;0.6360186739174463;0.8017592946419765
Cristian Cásseres Jr.;ve VEN;MF;Toulouse;fr Ligue 1;25-364;2000.0;17;15;1383;15.4;1;0;1;1;0;1;3;0;1.2;0.4;1.2;1.7;12.0;80.0;20.0;0.07;0.0;0.07;0.07;0.07;0.08;0.08;0.16;0.03;0.11;2;6.052279681745057;0.8355615899111166;7.232733136177615;0.7529240740787726;0.8025065835781791
Manuel Locatelli;it ITA;MF;Juventus;it Serie A;28-011;1998.0;20;20;1566;17.4;0;0;0;0;0;0;4;0;0.9;0.9;1.1;2.0;19.0;170.0;16.0;0.0;0.0;0.0;0.0;0.0;0.05;0.07;0.12;0.05;0.12;2;5.760641372255296;0.7823211595488582;7.356918242356021;0.838482089577754;0.8047855315604164
Han-Noah Massengo;fr FRA;MF;Augsburg;de Bundesliga;24-196;2001.0;18;17;1433;15.9;1;1;2;1;0;0;1;0;0.7;0.7;0.9;1.7;23.0;70.0;14.0;0.06;0.06;0.13;0.06;0.13;0.05;0.06;0.11;0.05;0.11;2;6.055202162030252;0.8360951072956511;7.2682230211595655;0.7773750265543509;0.812607074999131
Rolando Mandragora;it ITA;MF;Fiorentina;it Serie A;28-204;1997.0;21;19;1528;17.0;6;0;6;5;1;1;4;0;3.0;2.3;1.6;3.8;8.0;62.0;47.0;0.35;0.0;0.35;0.29;0.29;0.19;0.1;0.29;0.14;0.24;2;5.949639024206835;0.8168238843279207;7.332369205929062;0.8215688952041438;0.81872188867841
Jordan Henderson;eng ENG;MF;Brentford;eng Premier League;35-216;1990.0;20;15;1354;15.0;1;3;4;1;0;0;4;0;0.3;0.3;1.9;2.2;6.0;82.0;20.0;0.07;0.2;0.27;0.07;0.27;0.02;0.13;0.15;0.02;0.15;2;6.25811690739353;0.873138486092113;7.2115567333138015;0.7383344742451827;0.8192168813533409
Granit Xhaka;ch SUI;MF;Sunderland;eng Premier League;33-114;1992.0;22;22;1962;21.8;1;5;6;1;0;0;4;0;0.6;0.6;2.0;2.6;20.0;127.0;19.0;0.05;0.23;0.28;0.05;0.28;0.03;0.1;0.13;0.03;0.13;2;5.330505843230768;0.7037971798994438;7.5822291942764615;0.9937113156075288;0.8197628341826778
Bryan Cristante;it ITA;MF;Roma;it Serie A;30-322;1995.0;20;20;1665;18.5;1;0;1;1;0;0;5;0;1.1;1.1;0.6;1.7;20.0;144.0;34.0;0.05;0.0;0.05;0.05;0.05;0.06;0.04;0.1;0.06;0.1;2;5.768163535877576;0.7836943784143982;7.418180822726788;0.8806892830341067;0.8224923402622816
Scott McTominay;sct SCO;MF;Napoli;it Serie A;29-042;1996.0;20;19;1711;19.0;5;3;8;5;0;0;1;0;5.1;5.1;1.3;6.4;29.0;48.0;66.0;0.26;0.16;0.42;0.26;0.42;0.3;0.08;0.38;0.3;0.38;2;5.713716508241812;0.7737547268358882;7.445417556701687;0.8994541814931729;0.8240345086988021
Nicolás González;es ESP;MF;Manchester City;eng Premier League;24-016;2002.0;19;15;1335;14.8;1;0;1;1;0;0;4;0;0.6;0.6;0.6;1.1;21.0;83.0;12.0;0.07;0.0;0.07;0.07;0.07;0.04;0.04;0.08;0.04;0.08;2;6.4093301722896765;0.9007434304275748;7.197435354096591;0.7286054719588906;0.831888247040101
Sergio Carreira;es ESP;MF,DF;Celta Vigo;es La Liga;25-098;2000.0;17;15;1374;15.3;2;1;3;2;0;0;1;0;0.6;0.6;0.4;1.0;26.0;70.0;93.0;0.13;0.07;0.2;0.13;0.2;0.04;0.03;0.07;0.04;0.07;2;6.352518068934814;0.8903720192172646;7.226209010100671;0.7484292413473295;0.8335949080692906
Melvin Bard;fr FRA;DF,MF;Nice;fr Ligue 1;25-074;2000.0;18;16;1509;16.8;1;1;2;1;0;0;2;0;0.4;0.4;0.6;1.0;30.0;55.0;58.0;0.06;0.06;0.12;0.06;0.12;0.02;0.04;0.06;0.02;0.06;2;6.124892324844513;0.8488174902594618;7.31986492980897;0.8129540050372874;0.834472096170592
Moisés Caicedo;ec ECU;MF;Chelsea;eng Premier League;24-078;2001.0;17;16;1432;15.9;3;1;4;3;0;0;5;1;0.9;0.9;1.1;2.0;11.0;91.0;13.0;0.19;0.06;0.25;0.19;0.25;0.06;0.08;0.13;0.06;0.13;2;6.275560962456191;0.8763230094163081;7.267525427828172;0.7768944157718174;0.8365515719585118
Laurent Abergel;fr FRA;MF;Lorient;fr Ligue 1;32-352;1993.0;17;17;1468;16.3;1;0;1;1;0;0;5;0;0.7;0.7;1.0;1.6;18.0;78.0;13.0;0.06;0.0;0.06;0.06;0.06;0.04;0.06;0.11;0.04;0.11;2;6.264648653790699;0.87433089798687;7.292337176173877;0.7939886069743354;0.8421939815818562
Máximo Perrone;ar ARG;MF;Como;it Serie A;23-012;2003.0;18;17;1481;16.5;2;3;5;2;0;0;6;0;1.1;1.1;1.3;2.4;8.0;77.0;19.0;0.12;0.18;0.3;0.12;0.3;0.07;0.09;0.16;0.07;0.16;2;6.297365368361532;0.8803035425507402;7.301147805856032;0.8000587390062606;0.8482056211329483
Yehor Yarmoliuk;ua UKR;MF;Brentford;eng Premier League;21-324;2004.0;22;20;1656;18.4;1;2;3;1;0;0;4;0;0.9;0.9;1.3;2.2;18.0;68.0;24.0;0.05;0.11;0.16;0.05;0.16;0.05;0.07;0.12;0.05;0.12;2;6.056290574447951;0.8362938039128112;7.4127640174265625;0.8769573450739632;0.8525592203772719
Koke;es ESP;MF;Atlético Madrid;es La Liga;34-011;1992.0;19;14;1281;14.2;2;2;4;2;0;0;4;0;0.3;0.3;1.4;1.7;5.0;88.0;12.0;0.14;0.14;0.28;0.14;0.28;0.02;0.1;0.12;0.02;0.12;2;6.70247197452907;0.954258332964552;7.156176637480615;0.7001800510342076;0.8526270201924142
João Gomes;br BRA;MF;Wolves;eng Premier League;24-341;2001.0;21;19;1664;18.5;0;0;0;0;0;0;6;0;0.6;0.6;0.5;1.0;27.0;90.0;32.0;0.0;0.0;0.0;0.0;0.0;0.03;0.03;0.06;0.03;0.06;2;6.046476641631064;0.8345022079882858;7.417580402414544;0.8802756201403694;0.8528115728491192
José Luis García Vayá;es ESP;MF;Valencia;es La Liga;27-161;1998.0;18;16;1415;15.7;2;0;2;1;1;2;2;0;2.3;0.8;1.1;1.9;4.0;103.0;12.0;0.13;0.0;0.13;0.06;0.06;0.16;0.07;0.23;0.06;0.13;2;6.480265235678827;0.9136930779180565;7.255591274253665;0.7686723146848484;0.8556847726247733
Michel Aebischer;ch SUI;MF;Pisa;it Serie A;29-013;1997.0;20;19;1673;18.6;0;1;1;0;0;0;4;0;0.2;0.2;0.8;1.0;23.0;93.0;18.0;0.0;0.05;0.05;0.0;0.05;0.01;0.05;0.06;0.01;0.06;2;6.238507893238324;0.8695587357005088;7.422971251049421;0.883989675112411;0.8753311114652697
Mikel Jauregizar;es ESP;MF;Athletic Club;es La Liga;22-067;2003.0;20;20;1735;19.3;1;0;1;1;0;0;2;0;1.1;1.1;0.9;2.0;10.0;119.0;32.0;0.05;0.0;0.05;0.05;0.05;0.06;0.05;0.11;0.06;0.11;2;6.284798428256505;0.8780093676163876;7.459338895220296;0.9090453646341734;0.8904237664235019
Antonio Blanco;es ESP;MF;Alavés;es La Liga;25-180;2000.0;18;18;1555;17.3;0;1;1;0;0;0;5;0;0.5;0.5;0.6;1.1;10.0;101.0;12.0;0.0;0.06;0.06;0.0;0.06;0.03;0.04;0.07;0.03;0.07;2;6.953033856855968;1.0000000000000002;7.349873704738337;0.8336287164380547;0.9334514865752219
Nemanja Matić;rs SRB;MF;Sassuolo;it Serie A;37-171;1988.0;20;20;1773;19.7;1;0;1;1;0;0;4;0;0.2;0.2;0.6;0.8;19.0;88.0;18.0;0.05;0.0;0.05;0.05;0.05;0.01;0.03;0.04;0.01;0.04;2;6.764487225913888;0.9655796119780258;7.480992162869525;0.9239635030981752;0.9489331684260855
